{"chain_subprj_list":null,"creation_date":"2020-12-07","ligands":[],"major_issues":null,"mdlchain_butpl_map":{"B":"1wmh.1.B"},"mdl_smtl_map":{"B":"B"},"mod_engine":"PROMOD3","modified_template":false,"oligo":{"based_on":"monomer","state":"monomer","state_bu":"hetero-oligomer","state_tpl":"hetero-oligomer","qs_prediction":"NA","qs_conserved":"unknown","chains_to_mdl":1,"res_to_mdl":17},"plip":{},"pred_lddt":0.0695507806,"qmean_values":{"global_scores":{"qmean4_norm_score":0.6011526066,"qmean4_z_score":-1.3568114804,"qmean6_norm_score":0.5502176671,"qmean6_z_score":-1.4986018743,"interaction_norm_score":-0.0164551247,"interaction_z_score":-0.8059748666,"cbeta_norm_score":-0.0104886563,"cbeta_z_score":-0.9523987915,"packing_norm_score":-0.162792536,"packing_z_score":-0.941804503,"torsion_norm_score":0.0292173435,"torsion_z_score":-0.9711894795,"ss_agreement_norm_score":-0.1047965654,"ss_agreement_z_score":-1.5928037941,"acc_agreement_norm_score":0.7058823529,"acc_agreement_z_score":0.0177557409,"avg_local_score":0.4990182996,"avg_local_score_error":0.115},"local_scores":{"B":[null,null,null,null,null,null,null,null,null,null,null,null,null,null,null,null,null,null,null,null,null,null,null,null,null,null,null,null,null,null,null,null,null,null,null,null,null,0.2973034264,0.3804302713,0.6195405526,0.6405546219,0.6142615515,0.6249562165,0.544227828,0.3713339459,0.3860143668,0.6141095348,0.5442613406,0.6558721433,0.5006257547,0.5517381944,0.5700907072,0.3106412172,0.2573494204,null,null,null,null,null,null,null,null]},"qmean_version":"4.2.0"},"residue_range":[{"chain_name":"B","residue_from":"38","residue_to":"54"}],"templates":["43e0a69c3c8abc4822911792b152b2b928fbf208"],"tpl_info":{"1wmh.1.B":{"origin":"reference database","label_asym_id":"B","label_smtl_id":"B","entity_type":"polymer","entity_id":"2"}}}