{"chain_subprj_list":null,"creation_date":"2020-12-07","ligands":[{"description":"IRON\/SULFUR CLUSTER","name":["SF4"],"number":"1","included":false,"model_binding_residues":[],"reason":{"bound":true,"relevant":true,"conserved_residues":false,"sterically_valid":false}},{"description":"SULFATE ION","name":["SO4"],"number":"2","included":false,"model_binding_residues":[],"reason":{"bound":true,"relevant":false,"conserved_residues":false,"sterically_valid":false}}],"major_issues":null,"mdlchain_butpl_map":{"A":"1dj7.1.A"},"mdl_smtl_map":{"A":"A"},"mod_engine":"PROMOD3","modified_template":false,"oligo":{"based_on":"monomer","state":"monomer","state_bu":"hetero-oligomer","state_tpl":"hetero-oligomer","qs_prediction":"NA","qs_conserved":"unknown","chains_to_mdl":1,"res_to_mdl":15},"plip":{},"pred_lddt":0.0244283194,"qmean_values":{"global_scores":{"qmean4_norm_score":0.4299058673,"qmean4_z_score":-2.8081989989,"qmean6_norm_score":0.3791751651,"qmean6_z_score":-2.7468322395,"interaction_norm_score":0.01431399,"interaction_z_score":-1.9407179409,"cbeta_norm_score":0.038482565,"cbeta_z_score":-4.2713098443,"packing_norm_score":0.2053890725,"packing_z_score":-2.7995414942,"torsion_norm_score":-0.0238621164,"torsion_z_score":-0.7620758021,"ss_agreement_norm_score":0.0142006775,"ss_agreement_z_score":-1.2782142257,"acc_agreement_norm_score":0.4666666667,"acc_agreement_z_score":-1.9962150526,"avg_local_score":0.3571717506,"avg_local_score_error":0.115},"local_scores":{"A":[null,null,null,null,null,null,null,null,null,null,null,null,null,null,null,null,null,null,null,null,null,null,null,null,null,null,null,null,null,0.4163050434,0.480290756,0.3452878553,0.3601545643,0.3814560215,0.3605731646,0.3475404647,0.3381990222,0.3479681277,0.3676189729,0.2623231121,0.3925258283,0.3822292539,0.3786895583,0.1964145139,null,null,null,null,null,null,null,null,null,null,null,null,null,null,null,null,null,null]},"qmean_version":"4.2.0"},"residue_range":[{"chain_name":"A","residue_from":"30","residue_to":"44"}],"templates":["12b77050bd24590d5ac1a3bc2f7ec3aa042090bf"],"tpl_info":{"1dj7.1.A":{"origin":"reference database","label_asym_id":"A","label_smtl_id":"A","entity_type":"polymer","entity_id":"1"}}}